{
    "base": {
        "id": 1,
        "drive_mode": 0,
        "homing_offset": 0,
        "range_min": -1.600862134737163,
        "range_max": 1.6966124971389327
    },
    "link1": {
        "id": 2,
        "drive_mode": 0,
        "homing_offset": 0,
        "range_min": -1.8682764934767686,
        "range_max": 1.7614633401998923
    },
    "link2": {
        "id": 3,
        "drive_mode": 0,
        "homing_offset": 0,
        "range_min": -0.0001907377737087046,
        "range_max": -0.0001907377737087046
    },
    "link3": {
        "id": 4,
        "drive_mode": 0,
        "homing_offset": 0,
        "range_min": -0.0001907377737087046,
        "range_max": 0.0001907377737087046
    },
    "link4": {
        "id": 5,
        "drive_mode": 0,
        "homing_offset": 0,
        "range_min": -0.321393148699169,
        "range_max": -0.0001907377737087046
    },
    "link5": {
        "id": 6,
        "drive_mode": 0,
        "homing_offset": 0,
        "range_min": -0.056649118791485265,
        "range_max": -0.0001907377737087046
    },
    "gripper": {
        "id": 7,
        "drive_mode": 0,
        "homing_offset": 0,
        "range_min": -0.0001907377737087046,
        "range_max": -0.0001907377737087046
    }
}