{
    "base": {
        "id": 1,
        "drive_mode": 0,
        "homing_offset": 0,
        "range_min": -1.5619516289005873,
        "range_max": 1.5806439307240403
    },
    "link1": {
        "id": 2,
        "drive_mode": 0,
        "homing_offset": 0,
        "range_min": -1.9583047226672772,
        "range_max": 1.9232089723048738
    },
    "link2": {
        "id": 3,
        "drive_mode": 0,
        "homing_offset": 0,
        "range_min": -1.154154268711375,
        "range_max": 2.281033035782407
    },
    "link3": {
        "id": 4,
        "drive_mode": 0,
        "homing_offset": 0,
        "range_min": -2.025062943465324,
        "range_max": 2.050621805142292
    },
    "link4": {
        "id": 5,
        "drive_mode": 0,
        "homing_offset": 0,
        "range_min": -2.232585641260396,
        "range_max": 0.7894636453803319
    },
    "link5": {
        "id": 6,
        "drive_mode": 0,
        "homing_offset": 0,
        "range_min": -3.175974670023651,
        "range_max": 2.9436560616464487
    },
    "gripper": {
        "id": 7,
        "drive_mode": 0,
        "homing_offset": 0,
        "range_min": -5.256542305638208,
        "range_max": -0.0001907377737087046
    }
}