{
    "base": {
        "id": 1,
        "drive_mode": 0,
        "homing_offset": 0,
        "range_min": -1.5806439307240403,
        "range_max": 1.5707255664911877
    },
    "link1": {
        "id": 2,
        "drive_mode": 0,
        "homing_offset": 0,
        "range_min": -1.9789044022278173,
        "range_max": 1.8915465018692288
    },
    "link2": {
        "id": 3,
        "drive_mode": 0,
        "homing_offset": 0,
        "range_min": -1.1369878690775916,
        "range_max": 4.299420157167926
    },
    "link3": {
        "id": 4,
        "drive_mode": 0,
        "homing_offset": 0,
        "range_min": -2.1330205233844506,
        "range_max": 0.9596017395284964
    },
    "link4": {
        "id": 5,
        "drive_mode": 0,
        "homing_offset": 0,
        "range_min": -2.177271686884872,
        "range_max": 0.7692454413672092
    },
    "link5": {
        "id": 6,
        "drive_mode": 0,
        "homing_offset": 0,
        "range_min": -3.0367360952162965,
        "range_max": 3.0626764324406803
    },
    "gripper": {
        "id": 7,
        "drive_mode": 0,
        "homing_offset": 0,
        "range_min": -5.325970855268178,
        "range_max": -0.0001907377737087046
    }
}