{
    "base": {
        "id": 1,
        "drive_mode": 0,
        "homing_offset": 0,
        "range_min": -1.5615701533531698,
        "range_max": 1.5951400015259019
    },
    "link1": {
        "id": 2,
        "drive_mode": 0,
        "homing_offset": 0,
        "range_min": -1.975852597848478,
        "range_max": 1.905661097123673
    },
    "link2": {
        "id": 3,
        "drive_mode": 0,
        "homing_offset": 0,
        "range_min": -1.2037460898756382,
        "range_max": 4.21587701228351
    },
    "link3": {
        "id": 4,
        "drive_mode": 0,
        "homing_offset": 0,
        "range_min": -1.1404211490043483,
        "range_max": 1.3387884336614029
    },
    "link4": {
        "id": 5,
        "drive_mode": 0,
        "homing_offset": 0,
        "range_min": -1.957160296025025,
        "range_max": 0.7856488899061578
    },
    "link5": {
        "id": 6,
        "drive_mode": 0,
        "homing_offset": 0,
        "range_min": -2.891393911650262,
        "range_max": 2.7494850080109874
    },
    "gripper": {
        "id": 7,
        "drive_mode": 0,
        "homing_offset": 0,
        "range_min": -5.319485770962082,
        "range_max": -0.0001907377737087046
    }
}