{
    "base": {
        "id": 1,
        "drive_mode": 0,
        "homing_offset": 0,
        "range_min": -1.585984588387884,
        "range_max": 1.5650034332799265
    },
    "link1": {
        "id": 2,
        "drive_mode": 0,
        "homing_offset": 0,
        "range_min": -1.9754711223010606,
        "range_max": 1.9693675135423838
    },
    "link2": {
        "id": 3,
        "drive_mode": 0,
        "homing_offset": 0,
        "range_min": -1.179331654840924,
        "range_max": 3.9599069199664285
    },
    "link3": {
        "id": 4,
        "drive_mode": 0,
        "homing_offset": 0,
        "range_min": -2.121194781414511,
        "range_max": 1.9487678339818402
    },
    "link4": {
        "id": 5,
        "drive_mode": 0,
        "homing_offset": 0,
        "range_min": -2.7773327229724565,
        "range_max": 0.8024338139925238
    },
    "link5": {
        "id": 6,
        "drive_mode": 0,
        "homing_offset": 0,
        "range_min": -3.1691081101701375,
        "range_max": 3.082894636453803
    },
    "gripper": {
        "id": 7,
        "drive_mode": 0,
        "homing_offset": 0,
        "range_min": -5.324063477531091,
        "range_max": -0.0001907377737087046
    }
}