{
    "base": {
        "id": 1,
        "drive_mode": 0,
        "homing_offset": 0,
        "range_min": -1.5585183489738306,
        "range_max": 1.600862134737163
    },
    "link1": {
        "id": 2,
        "drive_mode": 0,
        "homing_offset": 0,
        "range_min": -1.8461509117265589,
        "range_max": 1.5623331044480047
    },
    "link2": {
        "id": 3,
        "drive_mode": 0,
        "homing_offset": 0,
        "range_min": -1.1739909971770803,
        "range_max": 3.839360646982527
    },
    "link3": {
        "id": 4,
        "drive_mode": 0,
        "homing_offset": 0,
        "range_min": -1.8671320668345164,
        "range_max": 1.6527428091859306
    },
    "link4": {
        "id": 5,
        "drive_mode": 0,
        "homing_offset": 0,
        "range_min": -2.0696955825131607,
        "range_max": 0.7322423132677205
    },
    "link5": {
        "id": 6,
        "drive_mode": 0,
        "homing_offset": 0,
        "range_min": -2.8063248645761796,
        "range_max": 2.707904173342488
    },
    "gripper": {
        "id": 7,
        "drive_mode": 0,
        "homing_offset": 0,
        "range_min": -2.575532158388647,
        "range_max": 2.7449073014419785
    }
}