{
    "base": {
        "id": 1,
        "drive_mode": 0,
        "homing_offset": 0,
        "range_min": -0.05283436331731117,
        "range_max": 0.8340962844281687
    },
    "link1": {
        "id": 2,
        "drive_mode": 0,
        "homing_offset": 0,
        "range_min": -1.2144274052033257,
        "range_max": 0.38014038300144826
    },
    "link2": {
        "id": 3,
        "drive_mode": 0,
        "homing_offset": 0,
        "range_min": 0.8985656519417109,
        "range_max": 0.8985656519417109
    },
    "link3": {
        "id": 4,
        "drive_mode": 0,
        "homing_offset": 0,
        "range_min": -2.5156404974441138,
        "range_max": 0.0665674830243379
    },
    "link4": {
        "id": 5,
        "drive_mode": 0,
        "homing_offset": 0,
        "range_min": -0.4747463187609675,
        "range_max": 0.7333867399099727
    },
    "link5": {
        "id": 6,
        "drive_mode": 0,
        "homing_offset": 0,
        "range_min": -0.16269932097352502,
        "range_max": 0.13370717936980192
    },
    "gripper": {
        "id": 7,
        "drive_mode": 0,
        "homing_offset": 0,
        "range_min": -5.31834134431983,
        "range_max": -0.000953688868543523
    }
}