{"joint_0": [104.15175056608234, -20.98634537140888, -152.36636480761527, -0.2377309170412687, 146.89338355897357, 86.87632997636014, 188.53455035654738, 42.646990522869785, -103.87246228947845, 1110.912842009851, -167.4841494407595, 6037.263909651761, 300.52987944494026, 4.10081714201145, -104.33743882011251], "joint_1": [157.52766433358914, 25.032913816514206, 84.04177589193047, -346.5184917738661, 89.67114371352642, 258.4161296113188, 166.50941940320195, 56.457655249955266, -157.15591431575263, 1376.4971767058773, -236.15967689130224, 7575.939410672559, 350.2967481481259, 9.350850921393647, -157.90975145012212], "joint_2": [-1200.506004223733, -3337.2094523710143, -1821.9431474083617, -7237.9989011006655, -1187.8179591967148, 4498.765336285861, -3540.3843442370658, -186.46807440052663, 1199.384040543323, -7006.975104862057, 1605.0442579462292, -1977.9050703645278, 1002.7284315269359, 83.20171067164817, 1198.4511294782812], "joint_3": [7.282773649489592, 2.9324190574405664, -0.7063902876288017, 5.746929420931181, -1.6496191432498444, 6.227202296596487, -0.9414639486706028, -4.4787592868987245, -7.30829142029872, -241.4559847942546, 6.545240298261648, 431.6127588641747, 18.59303207923407, 0.22054427033565535, -7.293629070431438], "joint_4": [2.414159663360281, -0.3633759814887504, -0.46405421589683604, 1.3921724824721975, 1.9127479954089899, 1.5487688618147633, 3.22250415521762, 0.9727641702119794, -2.4077647926936216, 24.385753096932795, -3.805837621999009, 132.62090789897104, 6.4756123206710985, 0.14934527161045588, -2.4202094993933096], "joint_5": [11.965834853177048, -1.8010809517268498, -2.3000948092277964, 6.900333173992632, 9.480577020722821, 7.676506532473176, 15.972411899774292, 4.821526756702855, -11.934138537698821, 120.86851535001473, -18.86371690903857, 657.3384130644653, 32.09651324158719, 0.740233085373564, -11.995820996992927], "joint_6": [0.0, 0.0, 0.0, 0.0, 0.0, 0.0, 0.0, 0.0, 0.0, 0.0, 0.0, 0.0, 0.0, 0.0, 0.0]}