{"joint_0": [1039.6987132831962, 2899.7921055184343, 3930.482465173732, 3012.6745110804186, 797.478993070903, -559.2414249565563, 346.5767047584623, 578.1625683598096, -979.2027221224045, -80.49534111376444, -1052.053837924276, 280.7491380038651, -1094.7216491127028, -137.77045623989574, -1030.6477521779943], "joint_1": [-49.829902089818475, 27.17232418684435, 798.8937638106561, 9236.498093191078, 706.8234188911983, -402.37380739596733, -2446.4135628845816, 7145.089429217117, 884.190004418452, 1194.262713698904, -47.047398015871124, 247.28438912799803, 12.60982661221383, 134.12760463262447, 30.415690085633955], "joint_2": [-39.62112310836166, -1.0252795209027727, -92.8368767947263, 493.3112094145829, -34.8605715021853, -185.26672387731728, -94.14490273957908, 304.20180016765397, 75.32983149843992, 128.87066834553866, 31.710031510521745, -23.032402855696393, 43.60926287335401, 7.334367568393389, 38.96600674933394], "joint_3": [40.144465023697904, 27.116932686937815, 12.314690359786141, -836.3962959998806, 78.50956378186542, -31.66044127492009, -453.49705163128783, 11003.020689899065, 1241.6514149772374, -1719.1282383304078, 63.23788190483293, 18.789014953457922, -43.44887858173182, -10.240404000650958, -39.062613355234845], "joint_4": [-27.432616514550546, 110.06822548729875, 230.28165752344466, -1070.7174461981608, 199.731944944117, -237.50464896943976, -621.3079981696588, 11215.688196903653, 1334.3922686956184, 6364.0813730814425, -407.36948392781494, 18.798677822331115, 24.950207192106745, -14.361636553448378, 29.87200474269298], "joint_5": [88.73057364360966, 193.3740253508, 679.0259380521629, -2110.3977573456095, 486.8606787952324, -402.3528529512147, -813.3085277984156, 15595.453274449128, 1727.7962877164107, 8788.870821017152, -693.0624935751298, 111.20921789063914, -106.66294701504171, -36.25548151759699, -84.31255013436089], "joint_6": [0.0, 0.0, 0.0, 0.0, 0.0, 0.0, 0.0, 0.0, 0.0, 0.0, 0.0, 0.0, 0.0, 0.0, 0.0]}