{"joint_0": [-186.80992492245196, -3077.3608271419853, 4724.36118608257, -2065.911516582995, -2188.765294265443, 1179.9645838029237, -4139.632192946839, -50.949094830807724, 186.50353627944878, 955.8172633993964, 665.7462581670021, -71.034231956526, 186.77015645217602, 1008.7813728386784, 89.04515055436889], "joint_1": [68.16917000987881, -68.01869079382993, 668.879610434382, -1421.9553098492033, -110.0729627052088, 472.4684046957913, -371.19926817078033, -2.1868724842606166, -68.18372981373788, 418.9995742090629, 5.9850996009855635, -33.2894971278536, -68.18491500454344, 79.43746029947553, -76.28305952338812], "joint_2": [-814.1263748566294, 338.93803267389967, 735.3639737725975, -9376.436701208368, -2868.0372321481104, 4723.309364277686, -3969.9194187889125, 18.90617655306121, 814.2564052416323, -651.3561203027795, 2158.3090212300813, -127.03175078709594, 814.0586438387164, 10.016574057137632, 817.2116685341222], "joint_3": [9.891523369969459, 50.0610627143039, 54.05205815898696, 6.459168581241429, -54.423691217395046, 12.931791538264449, -42.80623880024724, 0.5472411094058608, -9.888378269143708, -179.30274395973836, 76.54769603464565, 2.8105315570740013, -9.890700168688833, -28.949809840390905, -7.089678099191335], "joint_4": [0.0, 0.0, 0.0, 0.0, 0.0, 0.0, 0.0, 0.0, 0.0, 0.0, 0.0, 0.0, 0.0, 0.0, 0.0], "joint_5": [24.726144241781437, 109.77739671845673, 114.65975140666899, 13.561545852343622, -108.42936661953534, 25.843263627808163, -85.98566181237496, 0.8883102946741501, -24.721199261013243, 0.30581356099875023, 170.91925636995632, 6.122512432080541, -24.724415460995253, -56.964219469957136, -19.237964138340814], "joint_6": [305.5736559019609, 1175.0345276962848, 1175.1426534784819, 137.03852022018393, -1013.4967998491891, 242.7308190304138, -814.127471205073, 5.3069430235188575, -305.5470324782951, 5306.787338295207, 1870.7286985081034, 64.98666087275038, -305.55618101049606, -521.8706850312485, -255.66957605004103]}